student_name,Maths,Science,English,Total_marks,AVG
Yash,90,89.0,78,257,85.66666666666667
Prajwal,98,78.0,98,274,91.33333333333333
Harshal,97,83.5,56,220,73.33333333333333
